company_code,avg_daily_high_low_range,avg_daily_volume,avg_trading_capital,instrument_token,tradingsymbol,name,exchange
2955,6.96127308680475724790,22353730.800000000000,12111357243.77500000,756481,KALYANKJIL,KALYAN JEWELLERS IND,NSE
19585,5.24230377747259599650,2147206.500000000000,11693857868.80500000,5013761,BSE,BSE,NSE
10604,3.01386922348941073060,6911231.200000000000,11476234362.46000000,2714625,BHARTIARTL,BHARTI AIRTEL,NSE
5097,4.15256276148238892340,50692164.700000000000,11437428969.97700000,1304833,ZOMATO,ZOMATO,NSE
509,5.70257852059927256650,5117698.200000000000,11259823337.91000000,130305,MAZDOCK,MAZAGON DOCK SHIPBUIL,NSE
1964,5.33642225965573354940,2071205.300000000000,11258183837.64000000,502785,TRENT,TRENT,NSE
317,2.98120257083304921080,1270851.200000000000,10553503346.25000000,81153,BAJFINANCE,BAJAJ FINANCE,NSE
2031,3.45583216461319929840,3229673.500000000000,10045340006.32500000,519937,M&M,MAHINDRA & MAHINDRA,NSE
2303,4.60612898018562377920,2113578.800000000000,7656677568.89000000,589569,HAL,HINDUSTAN AERONAUTICS,NSE
3456,2.80753934343058524420,10738654.600000000000,7350599971.62000000,884737,TATAMOTORS,TATA MOTORS,NSE
383,4.07593067906503080400,25048252.800000000000,6793005065.09500000,98049,BEL,BHARAT ELECTRONICS,NSE
25,4.68739875447310113180,2534049.000000000000,5765537464.89000000,6401,ADANIENT,ADANI ENTERPRISES,NSE
14977,4.17625059668961835900,17752911.600000000000,5019129731.56000000,3834113,POWERGRID,POWER GRID CORP.,NSE
3499,4.03095302354099409420,36237873.400000000000,4851962908.58000000,895745,TATASTEEL,TATA STEEL,NSE
1181,10.48632289491446858680,871234.200000000000,4842689529.54000000,302337,GODFRYPHLP,GODFREY PHILLIPS INDIA LT,NSE
15355,5.17746834501198849740,11423306.700000000000,4791763268.85500000,3930881,RECLTD,REC,NSE
14299,4.80676064084647797360,12125331.500000000000,4732216183.61500000,3660545,PFC,POWER FIN CORP,NSE
910,3.13660928389675918360,953217.600000000000,4722593602.70000000,232961,EICHERMOT,EICHER MOTORS,NSE
5258,3.13919604632619305040,4388051.000000000000,4593815726.12000000,1346049,INDUSINDBK,INDUSIND BANK,NSE
15083,3.87891081905474863590,3986334.500000000000,4487259831.48000000,3861249,ADANIPORTS,ADANI PORT & SEZ,NSE
21174,4.23573190161010035100,3507496.100000000000,4468524619.52500000,5420545,CDSL,CENTRAL DEPO SER (I),NSE
1185,6.04897572335992553140,682859.400000000000,4463623884.46500000,303361,AMBER,AMBER ENTERPRISES (I),NSE
18921,4.80142509249144936660,8161738.600000000000,4369002763.57500000,4843777,VBL,VARUN BEVERAGES,NSE
11630,2.79141638022185092640,12514178.400000000000,3948855989.82000000,2977281,NTPC,NTPC,NSE
3063,3.73918945106188183690,9171495.300000000000,3948534435.93500000,784129,VEDL,VEDANTA,NSE
9552,5.37338565393119604480,10062777.500000000000,3929346969.60500000,2445313,RVNL,RAIL VIKAS NIGAM,NSE
16675,2.92615015688400820560,2127223.400000000000,3857056114.29000000,4268801,BAJAJFINSV,BAJAJ FINSERV,NSE
3150,4.95890926982094703120,726488.700000000000,3846097786.63000000,806401,SIEMENS,SIEMENS,NSE
14366,6.29896653229114143000,429201840.90000000,3833518514.53300000,3677697,IDEA,VODAFONE IDEA,NSE
4306,4.93984188794416434860,6740329.000000000000,3755444775.53000000,1102337,SHRIRAMFIN,SHRIRAM FINANCE,NSE
14947,6.18633248728548006610,5256807.000000000000,3562001743.84500000,3826433,MOTILALOFS,MOTILAL OSWAL FIN,NSE
13966,8.41068431599335584360,7080427.000000000000,3508632826.85000000,3575297,HBLPOWER,HBL POWER SYSTEMS,NSE
1363,3.02563507369163058980,5678500.600000000000,3415560017.95000000,348929,HINDALCO,HINDALCO  INDUSTRIES,NSE
10940,3.69810082521644540200,550557.900000000000,3303426347.02500000,2800641,DIVISLAB,DIVI S LABORATORIES,NSE
13,4.50412763098726145830,581911.800000000000,3193845307.95000000,3329,ABB,ABB INDIA,NSE
212,4.79514316956332917200,14609233.800000000000,3171143691.34400000,54273,ASHOKLEY,ASHOK LEYLAND,NSE
1250,5.30249253089388975220,15584162.800000000000,3169006980.94500000,320001,CASTROLIND,CASTROL INDIA,NSE
438,4.32540743136281882920,15349901.500000000000,3090450647.76200000,112129,BHEL,BHEL,NSE
3718,5.18682606739862004920,2270037.900000000000,3085845751.95500000,951809,VOLTAS,VOLTAS,NSE
23650,4.38535606644560311700,1347739.000000000000,3073746181.39000000,6054401,MUTHOOTFIN,MUTHOOT FINANCE,NSE
14732,4.51588969338316159020,4459368.600000000000,3067705087.51000000,3771393,DLF,DLF,NSE
14255,5.62948533558741230650,12876672.100000000000,3048877476.10100000,3649281,REDINGTON,REDINGTON,NSE
1901,4.42379121375666787160,1057227.300000000000,3028081580.84000000,486657,CUMMINSIND,CUMMINS INDIA,NSE
17875,5.59183602986768840600,1359509.700000000000,2935385242.07500000,4576001,GODREJPROP,GODREJ PROPERTIES,NSE
4204,5.02819897924320142960,22798568.200000000000,2934928630.94600000,1076225,MOTHERSON,SAMVRDHNA MTHRSN INTL,NSE
6733,4.05207433594318418800,3452346.200000000000,2851586029.98000000,1723649,JINDALSTEL,JINDAL STEEL & POWER,NSE
17971,3.96242070041747865400,3329395.000000000000,2815840937.17000000,4600577,SBICARD,SBI CARDS & PAY SER,NSE
40,8.29455369329083905360,3585132.500000000000,2784672073.20000000,10241,AEGISLOG,AEGIS LOGISTICS,NSE
17388,3.60483846087307558200,5554104.200000000000,2761510954.25000000,4451329,ADANIPOWER,ADANI POWER,NSE
324,5.06032550240139897430,1164002.900000000000,2757437133.65000000,82945,ANGELONE,ANGEL ONE,NSE
17869,4.66371073109259472950,5845750.400000000000,2752586065.65500000,4574465,JSWENERGY,JSW ENERGY,NSE
3563,5.38023187932778574060,2948474.000000000000,2716651186.12000000,912129,ADANIGREEN,ADANI GREEN ENERGY,NSE
2319,6.64340834267901482610,12744659.000000000000,2686981614.23500000,593665,NCC,NCC,NSE
19061,6.67282551028437130260,14425894.400000000000,2682280565.03400000,4879617,MANAPPURAM,MANAPPURAM FINANCE,NSE
10440,4.46409274694921335100,1286679.900000000000,2670234095.42500000,2672641,LUPIN,LUPIN,NSE
4717,3.33957977640871515620,16364941.600000000000,2656860991.77800000,1207553,GAIL,GAIL (INDIA),NSE
2029,4.58280248640101987840,20926006.200000000000,2632486909.27000000,519425,IRFC,INDIAN RAILWAY FIN CORP L,NSE
12018,4.86992865447523539370,48156814.800000000000,2602713753.89900000,3076609,SUZLON,SUZLON ENERGY,NSE
19943,5.51878489449237570680,1291427.600000000000,2491251988.71000000,5105409,DEEPAKNTR,DEEPAK NITRITE,NSE
6364,4.87593484857628703760,13234069.000000000000,2449969405.58100000,1629185,NATIONALUM,NATIONAL ALUMINIUM CO,NSE
2963,4.78843533009150308630,22741856.500000000000,2417819809.38600000,758529,SAIL,STEEL AUTHORITY OF INDIA,NSE
1348,3.19954875854560224200,605006.400000000000,2416938445.72000000,345089,HEROMOTOCO,HERO MOTOCORP,NSE
342,4.92732733243534406290,652321.800000000000,2319714202.98500000,87553,CAMS,COMPUTER AGE MNGT SER,NSE
20825,5.11605283464654137420,11186156.700000000000,2220335775.26200000,5331201,HUDCO,HSG & URBAN DEV CORPN,NSE
3426,3.83724461173201438700,6394711.800000000000,2218200767.82000000,877057,TATAPOWER,TATA POWER CO,NSE
19913,3.43059717593721092400,576127.600000000000,2208362326.25000000,5097729,DMART,AVENUE SUPERMARTS,NSE
22377,4.25281821203294905540,1907928.000000000000,2201995775.18000000,5728513,MAXHEALTH,MAX HEALTHCARE INS,NSE
1038,9.17835876859555433520,2223055.400000000000,2174455703.70000000,265729,FINCABLES,FINOLEX CABLES,NSE
1235,6.30742519298575110690,7662052.000000000000,2158389828.48500000,316161,GREAVESCOT,GREAVES COTTON,NSE
685,4.30337337093964967200,1575555.800000000000,2150463843.30000000,175361,CHOLAFIN,CHOLAMANDALAM IN & FIN CO,NSE
29135,3.90012480269400764630,6025332.400000000000,2129449075.64000000,7458561,INDUSTOWER,INDUS TOWERS,NSE
3918,5.11133590412778713390,2072106.500000000000,2065901931.95000000,1003009,NATCOPHARM,NATCO PHARMA,NSE
10794,4.06789449519963872740,22654682.000000000000,2016729173.03000000,2763265,CANBK,CANARA BANK,NSE
3220,4.12369166551358213140,1664557.000000000000,2012706748.70000000,824321,LODHA,MACROTECH DEVELOPERS,NSE
13310,5.07022299680133222160,577549.200000000000,2010039620.06000000,3407361,KEI,KEI INDUSTRIES,NSE
1076,5.39015893056545408950,2240043.400000000000,2005301650.92500000,275457,ZENSARTECH,ZENSAR TECHNOLOGIES,NSE
4986,6.03226681880801349720,11809382.400000000000,2000961226.07400000,1276417,IRCON,IRCON INTERNATIONAL,NSE
10666,3.59331442592607243220,20671590.800000000000,1967410336.52800000,2730497,PNB,PUNJAB NATIONAL BANK,NSE
7852,5.05088732477630843320,11490485.800000000000,1951868510.45400000,2010113,INOXWIND,INOX WIND,NSE
15414,5.07090489600282813640,2194312.600000000000,1923615297.64000000,3945985,TITAGARH,TITAGARH RAIL SYSTEMS,NSE
19234,6.16667484504664637300,3270529.400000000000,1896693936.08000000,4923905,LAURUSLABS,LAURUS LABS,NSE
2475,3.16501295630017528480,7684936.800000000000,1818073964.32000000,633601,ONGC,OIL AND NATURAL GAS CORP.,NSE
17029,3.12143892382019084870,969087.200000000000,1760720657.82500000,4359425,PATANJALI,PATANJALI FOODS,NSE
760,4.29100734658901502540,2957958.700000000000,1751306012.85500000,194561,CGPOWER,CG POWER AND IND SOL,NSE
14304,4.93614464246580222820,4952288.600000000000,1735868268.09500000,3661825,FSL,FIRSTSOURCE SOLU.,NSE
20224,5.95877557644567937230,5016132.100000000000,1708435201.13000000,5177345,JWL,JUPITER WAGONS,NSE
11287,3.85164030922474731960,2739957.200000000000,1705052477.71000000,2889473,UPL,UPL,NSE
18096,4.94434931043985906440,2472688.800000000000,1687846027.02000000,4632577,JUBLFOOD,JUBILANT FOODWORKS,NSE
422,3.29482225378881015690,1490674.700000000000,1670860254.25000000,108033,BHARATFORG,BHARAT FORGE,NSE
1406,4.04422611078572470400,5199170.600000000000,1662255263.17000000,359937,HINDPETRO,HINDUSTAN PETROLEUM CORP,NSE
13620,7.23429764490962460520,2793655.800000000000,1659568801.94000000,3486721,ANANTRAJ,ANANT RAJ,NSE
526,3.04112374509838530880,6432118.600000000000,1645737152.69000000,134657,BPCL,BHARAT PETROLEUM CORP  LT,NSE
2144,6.16734649792233508200,1399078.900000000000,1640383148.28000000,548865,BDL,BHARAT DYNAMICS,NSE
20302,4.23749634817317784920,1256257.800000000000,1636301919.45000000,5197313,PRESTIGE,PRESTIGE ESTATE,NSE
1624,3.14915516048736841120,12918894.400000000000,1554369244.42200000,415745,IOC,INDIAN OIL CORP,NSE
4684,4.32895186616071481200,2984049.700000000000,1515142796.97500000,1199105,SONACOMS,SONA BLW PRECISION FRGS L,NSE
10753,3.80773823024592392270,13129378.700000000000,1514256078.00100000,2752769,UNIONBANK,UNION BANK OF INDIA,NSE
3273,3.45835486681294816580,537725.400000000000,1513581870.05000000,837889,SRF,SRF,NSE
1512,3.90468971929363203540,2042929.000000000000,1508573863.60000000,387073,INDHOTEL,THE INDIAN HOTELS CO.,NSE
20242,5.37893864799669958100,908963.000000000000,1501180327.67000000,5181953,OBEROIRLTY,OBEROI REALTY,NSE
4668,3.27168656935805352640,7055349.600000000000,1482128531.73600000,1195009,BANKBARODA,BANK OF BARODA,NSE
17279,6.25814484924797660940,3770923.000000000000,1476483772.01000000,4423425,BLS,BLS INTL SERVS,NSE
637,4.14836558339833929950,2747362.300000000000,1476470698.15000000,163073,CHAMBLFERT,CHAMBAL FERTILIZERS,NSE
5475,5.22518310060058085400,989378.400000000000,1464194633.96000000,1401601,GRSE,GARDEN REACH SHIP&ENG,NSE
17438,4.64739806258356889410,3445006.600000000000,1422738871.67000000,4464129,OIL,OIL INDIA,NSE
20188,5.84881713835728302040,1003813.600000000000,1422265210.70000000,5168129,WABAG,VA TECH WABAG,NSE
25358,6.83280939185625214350,1696085.400000000000,1399180777.79000000,6491649,PGEL,PG ELECTROPLAST,NSE
21238,3.14655472945063827280,2278524.000000000000,1359381212.13000000,5436929,AUBANK,AU SMALL FINANCE BANK,NSE
25584,6.18135140692439435270,2258185.600000000000,1312189304.69000000,6549505,TRITURBINE,TRIVENI TURBINE,NSE
13260,6.15034460760294644660,1617220.800000000000,1291999533.44000000,3394561,KEC,KEC INTL.,NSE
8311,5.84905526979568384470,630448.600000000000,1259767285.74000000,2127617,BLUESTARCO,BLUE STAR,NSE
6994,4.94185240233575246080,2478344.600000000000,1245633209.71000000,1790465,BSOFT,BIRLASOFT,NSE
16713,3.80520377918774981140,592897.700000000000,1227395249.78000000,4278529,UBL,UNITED BREWERIES,NSE
553,7.20143633242016761370,4531559.100000000000,1211545832.77000000,141569,RELINFRA,RELIANCE INFRASTRUCTU,NSE
11184,3.28044236557804053340,19483205.800000000000,1202319736.14000000,2863105,IDFCFIRSTB,IDFC FIRST BANK,NSE
11915,3.45977742746551032300,65620946.000000000000,1191427732.97400000,3050241,YESBANK,YES BANK,NSE
8585,4.60379529112327586190,5307930.000000000000,1189733871.70500000,2197761,NLCINDIA,NLC INDIA,NSE
21951,4.93761800680788226580,12276977.400000000000,1184398258.51000000,5619457,HFCL,HFCL,NSE
31415,5.61756877685565153260,13854880.800000000000,1183375099.70000000,8042241,NBCC,NBCC (INDIA),NSE
739,4.09536690811447668220,639186.200000000000,1182540898.18500000,189185,COROMANDEL,COROMANDEL INTERNTL.,NSE
17400,3.98976456303923993360,15429515.700000000000,1177175165.32300000,4454401,NHPC,NHPC,NSE
15332,4.89421924774503780140,18679259.600000000000,1171296619.94200000,3924993,NMDC,NMDC,NSE
30125,5.91376754576685654450,8719324.000000000000,1169033092.68200000,7712001,SAMMAANCAP,SAMMAAN CAPITAL,NSE
14552,4.55535639092750286380,685520.900000000000,1145302236.03500000,3725313,PHOENIXLTD,THE PHOENIX MILLS,NSE
3405,3.29542106149675777350,1248862.800000000000,1142226887.79000000,871681,TATACHEM,TATA CHEMICALS,NSE
15259,5.73830405342315605020,27638663.900000000000,1115725601.97600000,3906305,RPOWER,RELIANCE POWER,NSE
13786,5.13524404492866927970,834727.900000000000,1113003536.18500000,3529217,TORNTPOWER,TORRENT POWER,NSE
17094,4.41323513559261585940,3244930.600000000000,1109263571.37000000,4376065,CROMPTON,CROMPT GREA CON ELEC,NSE
13611,4.06394872395770322020,1467260.400000000000,1108532729.44000000,3484417,IRCTC,INDIAN RAIL TOUR CORP,NSE
275,3.96280718085167012970,943483.700000000000,1103674560.47000000,70401,AUROPHARMA,AUROBINDO PHARMA,NSE
10217,4.32224480521797632490,1420289.900000000000,1062159673.60500000,2615553,ADANIENSOL,ADANI ENERGY SOLUTION,NSE
21770,3.34639092257156527220,596503.200000000000,1061673372.84000000,5573121,ICICIGI,ICICI LOMBARD GIC,NSE
11971,9.62500568205268836520,2333490.200000000000,1061606844.40000000,3064577,GOLDIAM,GOLDIAM INTERNATIONAL,NSE
14592,4.52933034423469596600,1667074.200000000000,1050001244.12000000,3735553,FORTIS,FORTIS HEALTHCARE,NSE
1270,3.82733677526968271240,2073526.400000000000,1034870406.41000000,325121,AMBUJACEM,AMBUJA CEMENTS,NSE
14450,5.72646397125043741990,6950418.900000000000,1000529150.17500000,3699201,EMBDL,EQUINOX INDIA DEV,NSE
11373,4.45329698829233772200,2706694.800000000000,970906960.36000000,2911489,BIOCON,BIOCON,NSE
14154,5.17646437545258577040,971383.900000000000,970670345.65500000,3623425,UNOMINDA,UNO MINDA,NSE
9683,3.77325991104885657800,705892.000000000000,964942499.98000000,2478849,KPITTECH,KPIT TECHNOLOGIES,NSE
4892,6.34049465149133931920,1800520.100000000000,960867927.86500000,1252353,SAREGAMA,SAREGAMA INDIA,NSE
3812,4.74559226368815387480,9549322.000000000000,951920099.48400000,975873,ZEEL,ZEE ENTERTAINMENT ENT,NSE
543278,6.88230218304851879590,1755443.400000000000,948241742.01500000,139079172,KALYANKJIL,KALYAN JEWELLERS INDIA,BSE
18391,4.05744689299642193250,5674543.200000000000,937304529.64800000,4708097,RBLBANK,RBL BANK,NSE
27095,5.24935896701863572830,1841277.100000000000,913632770.24500000,6936321,SWANENERGY,SWAN ENERGY,NSE
2649,5.77352895898994134170,2307090.100000000000,912649727.88500000,678145,PCBL,PCBL,NSE
2142,3.90837175445072553990,832934.100000000000,912254835.64500000,548353,MFSL,MAX FINANCIAL SERV,NSE
7508,7.29109517794772015800,589477.800000000000,893643952.37000000,1922049,ZENTEC,ZEN TECHNOLOGIES,NSE
11343,5.71590049307257384270,565577.600000000000,890953289.89500000,2903809,AFFLE,AFFLE (INDIA),NSE
11262,3.74162044991972748930,4500262.700000000000,890604043.50100000,2883073,IGL,INDRAPRASTHA GAS,NSE
1633,4.10047081599610675060,598227.900000000000,884664134.50000000,418049,IPCALAB,IPCA LABORATORIES,NSE
5748,3.44831225097052521100,600901.600000000000,877189774.23000000,1471489,CYIENT,CYIENT,NSE
15313,5.09564235521078058840,17564109.000000000000,867550590.76400000,3920129,IRB,IRB INFRA DEV,NSE
30108,5.53543612119732125700,3403838.400000000000,866685221.08000000,7707649,ABFRL,ADITYA BIRLA FASHION & RT,NSE
2294,7.91549085021621490810,16085058.700000000000,857574157.50800000,587265,MTNL,MAHANAGAR TELEPHONE NIGAM,NSE
7406,4.40789024529848679060,601526.500000000000,855624501.85000000,1895937,GLENMARK,GLENMARK PHARMACEUTICALS,NSE
4907,7.71731995369271752200,5065144.600000000000,845218978.22400000,1256193,ENGINERSIN,ENGINEERS INDIA,NSE
4421,5.97226842907868994890,813618.300000000000,843657210.57500000,1131777,CREDITACC,CREDITACCESS GRAMEEN,NSE
13147,4.61623547000425116580,764513.900000000000,831424384.58000000,3365633,PVRINOX,PVR INOX,NSE
1134,6.63904079089951164640,6685627.600000000000,825861094.82900000,290305,APOLLO,APOLLO MICRO SYSTEMS,NSE
17939,4.70684891315685525070,3548256.900000000000,824492700.52000000,4592385,HINDCOPPER,HINDUSTAN COPPER,NSE
2263,3.89642418462103922480,5760660.800000000000,813854730.30200000,579329,BANDHANBNK,BANDHAN BANK,NSE
827,5.19893253509759886070,727946.300000000000,787190893.78000000,211713,DEEPAKFERT,DEEPAK FERTILIZERS & PETR,NSE
2606,4.92522806985480001940,5502481.300000000000,781630340.13200000,667137,LEMONTREE,LEMON TREE HOTELS,NSE
1424,4.14586250002971962500,1789246.900000000000,780304111.21500000,364545,HINDZINC,HINDUSTAN ZINC,NSE
13528,3.78224363962929402220,10828462.600000000000,777080502.55000000,3463169,GMRINFRA,GMR AIRPORTS INFRA,NSE
19196,8.76892047183804024470,2500053.200000000000,755514474.26000000,4914177,TI,TILAKNAGAR INDUSTRIES,NSE
21154,9.26427207838346348190,540759.100000000000,754390929.64500000,5415425,ERIS,ERIS LIFESCIENCES,NSE
676,3.34586136048963416060,2030189.200000000000,741461972.24000000,173057,EXIDEIND,EXIDE INDUSTRIES,NSE
15068,4.64662173988244151260,3074031.000000000000,739632204.07200000,3857409,RELIGARE,RELIGARE ENTER.,NSE
628,3.78961599805031915440,5538604.300000000000,728029215.75900000,160769,CESC,CESC,NSE
14309,3.54113198817105659230,1348909.900000000000,716071107.05000000,3663105,INDIANB,INDIAN BANK,NSE
357,5.82575546430576608460,1222514.500000000000,705695557.43000000,91393,NAM-INDIA,NIPPON L I A M,NSE
18011,5.14467963523837184530,638384.000000000000,701016538.51500000,4610817,WHIRLPOOL,WHIRLPOOL OF INDIA,NSE
2043,4.00302199020850142880,777765.800000000000,695050182.88000000,523009,RAMCOCEM,THE RAMCO CEMENTS,NSE
18883,4.20333787084735574840,7611500.200000000000,693767654.22200000,4834049,SJVN,SJVN,NSE
17945,5.33615576361745547960,617639.300000000000,691829753.73000000,4593921,SUVENPHAR,SUVEN PHARMACEUTICALS,NSE
163,3.36077550054224799460,1604760.200000000000,671816401.49000000,41729,APOLLOTYRE,APOLLO TYRES,NSE
11821,5.24131896504868088560,861829.900000000000,668749773.84500000,3026177,WELCORP,WELSPUN CORP,NSE
7936,5.92842342622528744400,931335.200000000000,665857649.03000000,2031617,AVANTIFEED,AVANTI FEEDS,NSE
24948,4.66000305902002162900,4669252.600000000000,658992073.74000000,6386689,LTF,L&T FINANCE,NSE
4745,3.95305451953150194860,6309661.000000000000,641320079.25400000,1214721,BANKINDIA,BANK OF INDIA,NSE
6445,6.49640387468219564340,613176.300000000000,640782739.09000000,1649921,TECHNOE,TECHNO ELEC & ENG CO.,NSE
1997,3.88575909862121403220,1173375.200000000000,639732964.07000000,511233,LICHSGFIN,LIC HOUSING FINANCE,NSE
220,4.25423265688380815560,3735899.200000000000,637990145.92200000,56321,IEX,INDIAN ENERGY EXC,NSE
12489,5.70328255111744980220,2183232.600000000000,637817908.59000000,3197185,SWSOLAR,STRLNG & WIL REN ENE,NSE
18908,4.26569305464389385080,747866.400000000000,637376920.05500000,4840449,PNBHOUSING,PNB HOUSING FIN,NSE
17313,5.47995882458916266490,537754.100000000000,633272911.76500000,4432129,LLOYDSME,LLOYDS METALS N ENERGY L,NSE
23607,7.05364926910789788570,1015827.700000000000,631800732.67500000,6043393,BALUFORGE,BALU FORGE INDUSTRIES,NSE
404,3.21902514406836371640,1302103.400000000000,630000819.15000000,103425,BERGEPAINT,BERGER PAINTS (I),NSE
21131,4.62228636072314245740,719235.400000000000,607210602.36500000,5409537,TEJASNET,TEJAS NETWORKS,NSE
100,4.01031550601498588080,591575.800000000000,590141664.81000000,25601,ARE&M,AMARA RAJA ENERGY MOB,NSE
11236,4.41941733460213554190,955542.200000000000,584087377.17000000,2876417,JSL,JINDAL STAINLESS,NSE
2431,5.86500291549078078160,1799244.000000000000,581775575.51000000,622337,RAILTEL,RAILTEL CORP OF IND,NSE
13637,5.75236074828765583230,5322372.200000000000,577087434.04500000,3491073,JMFINANCIL,JM FINANCIAL,NSE
15228,5.34936235592411221290,14902424.400000000000,553866318.17500000,3898369,UJJIVANSFB,UJJIVAN SMALL FINANC BANK,NSE
2412,4.29031450062978468030,551057.800000000000,548291398.67000000,617473,PEL,PIRAMAL ENTERPRISES,NSE
7374,6.55857552945635109720,782343.700000000000,543186151.14000000,1887745,STAR,STRIDES PHARMA SCI,NSE
2705,4.80202192820502269620,919306.900000000000,542124269.63000000,692481,PRAJIND,PRAJ INDUSTRIES,NSE
21614,4.41407514133163887760,3392194.400000000000,541095425.48400000,5533185,ABCAPITAL,ADITYA BIRLA CAPITAL,NSE
1375,4.74306853631406101850,18549154.000000000000,540878875.38300000,352001,HCC,HINDUSTAN CONSTRUCTION CO,NSE
13776,3.61417549893245169140,592761.600000000000,540563940.94000000,3526657,GESHIP,THE GE SHPG.LTD,NSE
8954,4.06606499265398077580,7450947.700000000000,540548276.59500000,2292225,TTML,TATA TELESERV(MAHARASTRA),NSE
5373,5.13846362422812487020,3008245.900000000000,531376476.64900000,1375489,DEVYANI,DEVYANI INTERNATIONAL,NSE
11351,4.30056558808603817940,1772904.400000000000,530567399.21000000,2905857,PETRONET,PETRONET LNG,NSE
9385,4.70470421074410104850,1793348.500000000000,530098425.580000000000,2402561,PNCINFRA,PNC INFRATECH,NSE
14707,6.62375345905058705430,1364949.800000000000,525436445.61500000,3764993,TIMETECHNO,TIME TECHNOPLAST,NSE
11403,3.77197330230469103870,1692400.400000000000,516453802.17500000,2919169,POONAWALLA,POONAWALLA FINCORP,NSE
500570,2.83229691485301696280,751797.000000000000,513805025.41000000,128145924,TATAMOTORS,TATA MOTORS,BSE
7,4.53796713418899302340,1177388.200000000000,512889066.93000000,1793,AARTIIND,AARTI INDUSTRIES,NSE
1814,5.31827207902688832450,520109.200000000000,497423345.02500000,464385,KPIL,KALPATARU PROJECT INT,NSE
21828,5.66462034378632986910,3154823.300000000000,491747107.06600000,5587969,TEXRAIL,TEXMACO RAIL & ENG.,NSE
4749,3.76543070175931841920,704325.600000000000,487421468.28000000,1215745,CONCOR,CONTAINER CORP OF IND,NSE
10599,4.16321661661559282090,1133438.600000000000,486553263.49500000,2713345,GUJGASLTD,GUJARAT GAS,NSE
11872,4.99216858659580038460,902193.000000000000,482379376.75000000,3039233,GRANULES,GRANULES INDIA,NSE
13404,3.58072760559225450380,777845.800000000000,470902892.05000000,3431425,SUNTV,SUN TV NETWORK,NSE
16639,6.86678935238757481150,768229.100000000000,468726874.03500000,4259585,KIRIINDUS,KIRI INDUSTRIES,NSE
6066,5.02179274255435629600,786411.200000000000,466874496.71000000,1552897,ATGL,ADANI TOTAL GAS,NSE
1802,9.65687312750241616550,20305584.600000000000,465123813.10200000,461313,JYOTISTRUC,JYOTI STRUCTURES,NSE
6596,6.45068605651315315880,1030920.000000000000,462102533.52000000,1688577,SONATSOFTW,SONATA SOFTWARE,NSE
5633,4.03785281751116507520,4500359.000000000000,451229267.14400000,1442049,J&KBANK,J & K BANK,NSE
277,5.09330064939690246980,1136684.100000000000,451179350.99500000,70913,GICRE,GENERAL INS CORP OF INDIA,NSE
3048,6.34864316660540039400,2666315.800000000000,446238980.00200000,780289,SCI,SHIPPING CORP OF INDIA LT,NSE
20182,5.79438852395742049280,1917214.800000000000,445319277.69000000,5166593,ASHOKA,ASHOKA BUILDCON,NSE
13285,4.77806089960737729700,1595151.800000000000,444634594.30000000,3400961,M&MFIN,M&M FIN. SERVICES,NSE
13305,5.08247484950086297040,523849.900000000000,443419149.59500000,3406081,CENTURYPLY,CENTURY PLYBOARDS (I),NSE
11809,4.76348596734908501310,1241455.300000000000,424996782.18500000,3023105,IIFL,IIFL FINANCE,NSE
3024,5.55855661432646277150,1707447.200000000000,423549909.77500000,774145,JINDALSAW,JINDAL SAW,NSE
15283,4.84709450581123680290,1497341.900000000000,418238763.00000000,3912449,KNRCON,KNR CONSTRU,NSE
2792,4.88013751442083643240,32791515.100000000000,416858165.28200000,714753,EASEMYTRIP,EASY TRIP PLANNERS,NSE
18652,3.61592368797497136880,711945.000000000000,415416113.36000000,4774913,ICICIPRULI,ICICI PRU LIFE INS CO,NSE
532822,6.24638836458124283700,46324759.900000000000,413829016.31600000,136402436,IDEA,VODAFONE IDEA,BSE
13342,4.63113050359871458700,25326095.000000000000,407066043.94400000,3415553,VAKRANGEE,VAKRANGEE,NSE
11626,5.85270807197240122940,708579.300000000000,406706144.28000000,2976257,WELENT,WELSPUN ENTERPRISES,NSE
11377,3.48899862172474335560,8325231.200000000000,404551425.87600000,2912513,MAHABANK,BANK OF MAHARASHTRA,NSE
543320,4.14303338213583510000,1782093.800000000000,403761177.54000000,139089924,ZOMATO,ZOMATO,BSE
11987,7.66398652257631961380,1232241.400000000000,401187916.150000000000,3068673,ICIL,INDO COUNT INDUSTRIES,NSE
542649,5.37726032363083264940,1019244.200000000000,396786476.79500000,138918148,RVNL,RAIL VIKAS NIGAM,BSE
20936,5.61794738635970026220,522712.900000000000,392684999.71500000,5359617,KIRLOSENG,KIRLOSKAR OIL ENG,NSE
1515,5.27764999456870389960,1403096.400000000000,391635500.26000000,387841,INDIACEM,THE INDIA CEMENTS,NSE
2866,6.50570866225250668660,2740384.200000000000,385535103.13400000,733697,RCF,RASHTRIYA CHEMICALS & FER,NSE
500049,3.97935770774281101770,1427673.000000000000,382328214.03500000,128012548,BEL,BHARAT ELECTRONICS,BSE
5701,4.33332879786869626230,2207071.600000000000,378668404.03600000,1459457,CUB,CITY UNION BANK,NSE
1508,4.30846065283837485320,846174.100000000000,378239825.49500000,386049,ASTERDM,ASTER DM HEALTHCARE,NSE
1174,4.68105009923306884840,654295.400000000000,368232708.51000000,300545,GNFC,GUJ NAR VAL FER & CHEM L,NSE
11763,5.25673024827412930060,26008306.600000000000,365619694.25800000,3011329,JPPOWER,JAIPRAKASH POWER VEN.,NSE
10579,6.59443334015177513800,1363160.300000000000,350893367.65000000,2708225,MARKSANS,MARKSANS PHARMA,NSE
9354,6.80674175194027092020,840304.400000000000,349582292.75000000,2394625,TAJGVK,TAJ GVK HOTELS & RESORTS,NSE
25178,6.51425655256054648000,947262.400000000000,347532153.02000000,6445569,TDPOWERSYS,TD POWER SYSTEMS,NSE
1491,5.17881323552855462960,6869014.600000000000,340308821.82300000,381697,IFCI,IFCI,NSE
14813,7.53009022785955326230,1268022.100000000000,340133302.55800000,3792129,ADSL,ALLIED DIGITAL SERV.,NSE
8866,4.81532783441513278920,682627.200000000000,339971818.48000000,2269697,CHOICEIN,CHOICE INTERNATIONAL,NSE
592,6.09096482095665694420,734974.800000000000,339929907.52500000,151553,GRAPHITE,GRAPHITE INDIA,NSE
31234,5.58901206240622240670,503603.300000000000,336604373.51500000,7995905,SCHNEIDER,SCHNEIDER ELECTRIC INFRA,NSE
13643,6.52777307715610146040,686937.800000000000,330470493.49500000,3492609,ELECON,ELECON ENG. CO.,NSE
919,4.95936033722713348320,937997.600000000000,326474795.59000000,235265,EIHOTEL,EIH,NSE
9356,5.47406523356213072580,560648.600000000000,324270594.74000000,2395137,MSTCLTD,MSTC,NSE
9428,8.46838310690810584510,706065.800000000000,323728406.91000000,2413569,SKIPPER,SKIPPER,NSE
532667,4.93303596829069820680,5944950.500000000000,318959691.45400000,136362756,SUZLON,SUZLON ENERGY,BSE
13976,3.94035650404183168280,588455.200000000000,313456539.02000000,3577857,TANLA,TANLA PLATFORMS,NSE
1476,4.55138927268549997380,4210183.800000000000,312695163.82000000,377857,IDBI,IDBI BANK,NSE
21749,5.90794167053580009710,873422.600000000000,306905956.81000000,5567745,CAPACITE,CAPACITE INFRAPROJECT,NSE
341,3.66176774939965629160,683533.400000000000,302503453.39000000,87297,BALRAMCHIN,BALRAMPUR CHINI MILLS,NSE
1247,4.72792316792449089880,1531140.000000000000,302359707.96600000,319233,GSFC,GUJ STATE FERT & CHEM,NSE
14334,5.12734035698173337360,659216.200000000000,302208907.03500000,3669505,HSCL,HIMADRI SPECIALITY CHEM L,NSE
8696,5.12508380900997655770,581917.600000000000,298970888.91500000,2226177,VRLLOG,VRL LOGISTICS,NSE
18124,5.48466912454657399470,2031974.000000000000,292576861.59900000,4639745,DBREALTY,VALOR ESTATE,NSE
15119,5.67941834905054541590,2673479.200000000000,291672806.35000000,3870465,EDELWEISS,EDELWEISS FIN SERV,NSE
981,5.42738782588819835950,1194915.500000000000,290958057.30900000,251137,EPL,EPL,NSE
3761,4.67187263312554412480,1322064.400000000000,285068239.62000000,962817,RITES,RITES,NSE
11355,4.22385960494859154300,2068666.800000000000,284273264.85000000,2906881,PTC,PTC INDIA,NSE
543940,3.59261389346435370620,1188744.500000000000,280980232.97000000,139248644,JIOFIN,JIO FINANCIAL SERVICES,NSE
6216,6.81049378895096033180,2040007.900000000000,279918781.10900000,1591297,CAMLINFINE,CAMLIN FINE SCIENCES,NSE
533096,3.57957140880269188320,540667.400000000000,269143451.44000000,136472580,ADANIPOWER,ADANI POWER,BSE
17801,6.94639351917858991520,3869326.400000000000,266989016.79600000,4557057,LLOYDSENGG,LLOYDS ENGG WORK,NSE
1838,3.61122455375578755460,1160515.000000000000,262698808.78200000,470529,KARURVYSYA,KARUR VYSYA BANK,NSE
1085,6.73348592539204311970,533565.800000000000,261925914.59500000,277761,GABRIEL,GABRIEL INDIA,NSE
1336,4.47550634902012381900,720433.600000000000,257441886.93500000,342017,HEG,HEG,NSE
17105,3.82234386261274302010,507046.100000000000,256346664.95500000,4378881,SUMICHEM,SUMITOMO CHEM INDIA,NSE
20830,5.51918710019590340320,827539.200000000000,251053498.50000000,5332481,MOIL,MOIL,NSE
13409,4.65376212626278936530,1387932.700000000000,247021282.78400000,3432705,GPIL,GODAWARI POW & ISP,NSE
5948,4.07497520385345747880,9738588.000000000000,241792248.40000000,1522689,SOUTHBANK,THE SOUTH INDIAN BANK,NSE
543257,4.60900114529914082240,1922713.200000000000,240828679.28000000,139073796,IRFC,INDIAN RAILWAY FINANCE CORPORA,BSE
11905,7.27724358587752080170,817261.100000000000,240449010.60000000,3047681,GENUSPOWER,GENUS POWER INFRASTRU,NSE
15146,4.54219727922330112690,609495.300000000000,239055715.60500000,3877377,JYOTHYLAB,JYOTHY LABS,NSE
17758,5.04419036148493187950,523046.400000000000,238333316.64000000,4546049,SARDAEN,SARDA ENERGY & MIN,NSE
15384,7.44387882213867082820,3316949.500000000000,237036518.04000000,3938305,DHANI,DHANI SERVICES,NSE
2259,7.31910052198951629740,4006393.800000000000,236037289.66000000,578305,MOREPENLAB,MOREPEN LAB.,NSE
500285,6.04262529180476818140,5063655.000000000000,236004665.44700000,128072964,SPICEJET,SPICEJET,BSE
500295,3.75193112275926560450,546398.600000000000,235522377.02000000,128075524,VEDL,VEDANTA,BSE
5204,5.76594187931785326620,834383.400000000000,234150732.40000000,1332225,GMDCLTD,GUJARAT MINERAL DEV CORP,NSE
13197,5.15887033912631587300,770754.400000000000,231931531.17000000,3378433,GSPL,GUJARAT STATE PETRO,NSE
3481,5.85095313497815373590,1635648.900000000000,228729967.43100000,891137,THOMASCOOK,THOMAS COOK (INDIA),NSE
7401,4.56749083585074327520,1228753.200000000000,225386131.860000000000,1894657,RAJESHEXPO,RAJESH EXPORTS,NSE
193,5.65319335310095996820,646861.700000000000,225268112.21500000,49409,ARVIND,ARVIND,NSE
1403,5.11235828949289579100,1096596.000000000000,224648659.21300000,359169,HINDOILEXP,HINDUSTAN OIL EXPLORATION,NSE
15337,5.97823791456892195000,1705099.800000000000,223206241.68400000,3926273,RAIN,RAIN INDUSTRIES,NSE
13925,5.74170711575009698200,2398201.000000000000,217469990.27400000,3564801,NFL,NATIONAL FERT.,NSE
12026,5.82911430071132224920,6737568.000000000000,217071612.21800000,3078657,RENUKA,SHREE RENUKA SUGARS,NSE
14435,3.40521105813901885660,700064.800000000000,214128689.215000000000,3695361,JKTYRE,JK TYRE & INDUSTRIES,NSE
11699,7.17313470953257082740,4637127.400000000000,212857586.41200000,2994945,PATELENG,PATEL ENGINEERING,NSE
544225,4.70850356787264241720,3078459.500000000000,209245743.50200000,139321604,OLAELEC,OLA ELECTRIC MOBILITY,NSE
9348,3.32006051222179307980,4225130.900000000000,208927559.58100000,2393089,IOB,INDIAN OVERSEAS BANK,NSE
11253,4.68588335793670925000,1618277.900000000000,205983670.77200000,2880769,WELSPUNLIV,WELSPUN LIVING,NSE
6198,6.12707915331113728400,706324.800000000000,204282768.210000000000,1586689,FCL,FINEOTEX CHEMICAL,NSE
543965,10.65666906855740558220,1456254.600000000000,203681620.86000000,139255044,TVSSCS,TVS SUPPLY CHAIN SOLUTIONS LIM,NSE
10397,4.19379195051129762660,2971755.100000000000,198149286.78900000,2661633,JISLJALEQS,JAIN IRRIGATION SYSTEMS,NSE
532939,5.67928474901298167530,4935581.100000000000,198127184.52900000,136432388,RPOWER,RELIANCE POWER,BSE
13880,6.74635018405786759860,527559.900000000000,194650503.600000000000,3553281,BANCOINDIA,BANCO PRODUCTS (I),NSE
16045,8.18929961923655427580,646676.200000000000,191483177.780000000000,4107521,PRINCEPIPE,PRINCE PIPES FITTINGS,NSE
500400,3.78219441666017564020,546693.600000000000,188866471.140000000000,128102404,TATAPOWER,TATA POWER CO.LTD.,BSE
29124,6.62202448241865256850,13070697.600000000000,186032795.44200000,7455745,PCJEWELLER,PC JEWELLER,NSE
20160,7.33910422599907735670,600180.000000000000,185678705.09000000,5160961,CANTABIL,CANTABIL RETAIL,NSE
21091,5.48138614236970833200,907701.800000000000,185221529.726000000000,5399297,STARCEMENT,STAR CEMENT,NSE
19731,4.19089265659464949330,1274529.900000000000,182158053.97600000,5051137,GPPL,GUJARAT PIPAVAV PORT,NSE
19265,7.44772399615163393780,1186440.500000000000,182028706.094000000000,4931841,BLISSGVS,BLISS GVS PHARMA,NSE
1041,4.85055621402416432160,917280.800000000000,180391528.85800000,266497,FINPIPE,FINOLEX INDUSTRIES,NSE
14058,7.15228477642591447170,684311.400000000000,177332844.935000000000,3598849,SANGHVIMOV,SANGHVI MOVERS,NSE
5435,4.10353607170726847020,554021.800000000000,173564232.070000000000,1391361,APTUS,APTUS VALUE HSG FIN I,NSE
8840,4.80898727918386645790,546863.500000000000,171321204.79000000,2263041,USHAMART,USHA MARTIN,NSE
500477,4.79820335664179732940,780692.200000000000,169591457.460000000000,128122116,ASHOKLEY,ASHOK LEYLAND,BSE
544026,4.03981581208480355530,946794.100000000000,169551963.905000000000,139270660,IREDA,INDIAN RENEWABLE ENERGY DEVELO,NSE
500470,4.00317699835239456780,1255444.800000000000,167327513.830000000000,128120324,TATASTEEL,TATA STEEL,BSE
913,4.47801268334020790060,2559565.800000000000,165583413.548000000000,233729,EQUITASBNK,EQUITAS SMALL FIN BNK,NSE
1826,9.63425221985021738370,584362.200000000000,164451248.612000000000,467457,KAMATHOTEL,KAMAT HOTELS (I),NSE
531213,6.53296499664488336140,881271.800000000000,163758873.460000000000,135990532,MANAPPURAM,MANAPPURAM FINANCE,BSE
11522,5.75003549322400666050,1174668.100000000000,160606636.95100000,2949633,NIITLTD,NIIT,NSE
532648,3.51535925697791888720,8564784.600000000000,155383494.468000000000,136357892,YESBANK,YES BANK,BSE
7287,4.92404678750300222040,1601382.700000000000,152494618.55300000,1865473,JTLIND,JTL INDUSTRIES,NSE
817,5.81027584117957411690,1888539.700000000000,151314907.298000000000,209153,DCW,DCW,NSE
2283,4.00468508237485281660,1255699.100000000000,150580808.18700000,584449,MRPL,MRPL,NSE
513,5.55900181890973875360,1034873.600000000000,150311364.882000000000,131329,BOMDYEING,BOMBAY DYEING & MFG. CO L,NSE
532898,4.00578324640758640160,528703.200000000000,149800545.790000000000,136421892,POWERGRID,POWER GRID CORPORATION OF INDI,BSE
14894,3.54771337525467345540,3075019.800000000000,149256234.424000000000,3812865,CENTRALBK,CENTRAL BANK OF INDIA,NSE
928,5.12102098332253818000,1282388.700000000000,146314118.312000000000,237569,ELECTCAST,ELECTROSTEEL CASTINGS,NSE
308,4.42549540413725308720,5842673.600000000000,144921634.586000000000,78849,BAJAJHIND,BAJAJ HINDUSTHAN SUGAR LT,NSE
9685,4.20998802392437457680,4896557.000000000000,140189113.742000000000,2479361,TRIDENT,TRIDENT,NSE
16249,5.54334523777653036560,6789614.400000000000,140016229.220000000000,4159745,INFIBEAM,INFIBEAM AVENUES,NSE
1338,6.17919453223795655370,1257295.500000000000,138710134.906000000000,342529,SDBL,SOM DIST & BREW,NSE
532483,4.01553259046238489160,1561921.800000000000,138522512.066000000000,136315652,CANBK,CANARA BANK,BSE
541956,6.00079733653557563660,812680.800000000000,137021143.940000000000,138740740,IRCON,IRCON INTERNATIONAL,BSE
11256,9.10049775278171363570,922283.000000000000,136587805.503000000000,2881537,JAIBALAJI,JAI BALAJI INDUSTRIES,NSE
14111,4.29493989408022248200,2701993.900000000000,135921540.186000000000,3612417,NETWORK18,NETWORK18 MEDIA & INV,NSE
500103,4.33443086399456133850,670029.100000000000,134783095.920000000000,128026372,BHEL,BHARAT HEAVY ELECTRICALS,BSE
17520,6.01831551368453433900,13284384.600000000000,134739570.392000000000,4485121,RTNPOWER,RATTANINDIA POWER,NSE
500870,5.26816525769315464200,659250.300000000000,133371955.985000000000,128222724,CASTROLIND,CASTROL INDIA,BSE
18226,4.84632911463408812000,709341.900000000000,133103300.187000000000,4665857,MANINFRA,MAN INFRA,NSE
11223,3.56077284288410427800,3322070.400000000000,133034124.086000000000,2873089,UCOBANK,UCO BANK,NSE
10871,5.91766786267417493390,558215.200000000000,131276151.700000000000,2782977,GRMOVER,GRM OVERSEAS,NSE
500113,4.72134971262595744960,1220111.300000000000,130031547.705000000000,128028932,SAIL,STEEL AUTHORITY OF INDIA,BSE
2841,5.04444931912845602500,629884.600000000000,127771681.892000000000,727297,LXCHEM,LAXMI ORGANIC INDUS,NSE
1360,5.27725474154907732130,830772.200000000000,122518119.816000000000,348161,HIMATSEIDE,HIMATSINGKA SEIDE,NSE
512591,10.70779770178496235560,5850483.800000000000,120221879.634000000000,131223300,PULSRIN,PULSAR INTERNATIONAL,BSE
532461,3.62333171636132842680,1249520.200000000000,118431246.120000000000,136310020,PNB,PUNJAB NATIONAL BANK,BSE
13430,5.26489464716631632230,858661.100000000000,118140487.816000000000,3438081,KELLTONTEC,KELLTON TECH SOL,NSE
540530,5.16893875135168436750,578492.200000000000,114481282.960000000000,138375684,HUDCO,HOUSING &URBAN DEVELOPMENT COR,BSE
1494,4.26801756910502351990,1506701.800000000000,112549920.458000000000,382465,RBA,RESTAURANT BRAND ASIA,NSE
500294,6.71352597981360608670,535088.600000000000,112262057.050000000000,128075268,NCC,NCC,BSE
539437,3.54260892032286142860,1807463.200000000000,111628534.838000000000,138095876,IDFCFIRSTB,IDFC FIRST BANK,BSE
544252,4.02363441043180731580,992859.600000000000,111424689.190000000000,139328516,BAJAJHFL,BAJAJ HOUSING FINANCE,NSE
104,5.14635272127672668390,512360.800000000000,110846210.100000000000,26625,SHAREINDIA,SHARE IND. SECURITIES,NSE
9309,5.93430530520732318580,1104074.200000000000,110123337.746000000000,2383105,STLTECH,STERLITE TECHNOLOGIES,NSE
7672,5.41693366819598386400,1526003.000000000000,109400376.171000000000,1964033,IMAGICAA,IMAGICAAWORLD ENT,NSE
15044,4.05819853753454368160,1155555.200000000000,108855368.316000000000,3851265,DELTACORP,DELTA CORP,NSE
13951,5.87832318349425884190,1653951.100000000000,106076842.105000000000,3571457,PARACABLES,PARAMOUNT COMM,NSE
27297,5.13680617694312597520,2054812.400000000000,105387092.705000000000,6988033,RTNINDIA,RATTANINDIA ENT,NSE
511431,4.53644940656133994620,6060426.200000000000,98855388.932000000000,130926340,VAKRANGEE,VAKRANGEE,BSE
13725,3.36068593987913488180,840219.400000000000,95431726.282000000000,3513601,DCBBANK,DCB BANK,NSE
399,4.28813272594039141030,549833.300000000000,92850077.100000000000,102145,NIACL,THE NEW INDIA ASSU CO,NSE
14788,4.93491688769037513520,632360.800000000000,92746245.092000000000,3785729,SPARC,SUN PHARMA ADV.RES.CO.LTD,NSE
13501,6.22742548633336888300,2522447.400000000000,92021199.024000000000,3456257,ALLCARGO,ALLCARGO LOGISTICS,NSE
539083,5.06759719638581763630,542542.100000000000,91828166.770000000000,138005252,INOXWIND,INOX WIND,BSE
532467,7.57365273608189198970,1870554.000000000000,91674905.003000000000,136311556,HAZOOR,HAZOOR MULTI PROJECTS,BSE
534309,5.64118428095188819840,1076291.000000000000,91524895.444000000000,136783108,NBCC,NBCC (INDIA),BSE
5143,5.23970254133358081390,677097.600000000000,91095940.836000000000,1316609,JAICORPLTD,JAI CORP,NSE
500108,7.52368493703347413060,1687866.200000000000,89594161.310000000000,128027652,MTNL,MAHANAGAR TELEPHONE NIGAM,BSE
2739,6.05544509584399280470,675400.800000000000,89039953.052000000000,701185,PRSMJOHNSN,PRISM JOHNSON,NSE
17957,4.57724989970082021920,1457645.200000000000,88713712.516000000000,4596993,MMTC,MMTC,NSE
517334,4.90909004022840030000,681091.400000000000,87607861.480000000000,132437508,MOTHERSON,SAMVARDHANA MOTHERSON INTERNAT,BSE
8828,4.47321042434532003380,768638.200000000000,86674683.250000000000,2259969,GAEL,GUJARAT AMBUJA EXPORTS LT,NSE
505537,4.93416729250391366680,854886.200000000000,85245406.390000000000,129417476,ZEEL,ZEE ENTERTAINMENT ENTERPRISES,BSE
13745,4.47276324149893746340,48177893.000000000000,84847591.357000000000,3518721,GTLINFRA,GTL INFRA.LTD,NSE
533098,3.91495776330043915820,1101512.400000000000,84086894.441000000000,136473092,NHPC,NHPC,BSE
25468,5.70177702460629245630,1986120.700000000000,83667153.617000000000,6519809,PAISALO,PAISALO DIGITAL,NSE
6792,7.84548824477813216190,4213034.000000000000,83556047.202000000000,1738753,SBC,SBC EXPORTS,NSE
701,4.40682220814069890150,558630.300000000000,82556422.572000000000,179457,HEMIPROP,HEMISPHERE PROP IND,NSE
20778,4.29003603849388991080,945257.000000000000,82489055.140000000000,5319169,JAMNAAUTO,JAMNA AUTO IND,NSE
17675,4.75431975216914083920,4785105.000000000000,82112580.838000000000,4524801,ALOKINDS,ALOK INDUSTRIES,NSE
2708,4.32993184062110109780,574396.200000000000,81021372.288000000000,693249,PRAKASH,PRAKASH INDUSTRIES,NSE
10300,4.62302798576687043380,7217621.400000000000,80001299.008000000000,2636801,RAMASTEEL,RAMA STEEL TUBES,NSE
533206,4.33857169401190445740,863158.800000000000,78640688.352000000000,136500740,SJVN,SJVN,BSE
20621,6.10727681976794691080,511648.500000000000,78363163.935000000000,5278977,PENIND,PENNAR INDUSTRIES,NSE
540879,6.55267721926607313160,632040.800000000000,77957934.095000000000,138465028,APOLLO,APOLLO MICRO SYSTEMS,BSE
500183,5.01438445749371199520,795585.400000000000,75399052.585000000000,128046852,HFCL,HFCL,BSE
526371,4.85687860515262746020,1185363.800000000000,74507184.780000000000,134750980,NMDC,NMDC,BSE
531205,4.86825123280062393240,9867848.100000000000,72135788.851000000000,135988484,SPRIGHT,SPRIGHT AGRO,BSE
532627,5.16721343904139394060,5113191.000000000000,71989950.638000000000,136352516,JPPOWER,JAIPRAKASH POWER VENTURES LIMI,BSE
24610,6.21612648229228775260,598830.200000000000,71064255.416000000000,6300161,AVANTEL,AVANTEL,NSE
6218,11.00433592834992137810,749061.000000000000,70779951.344000000000,1591809,SIKKO,SIKKO INDUSTRIES,NSE
3252,4.81678313520120421720,886016.400000000000,69824085.434000000000,832513,SPIC,SPIC,NSE
18154,3.99273838839919964400,4681075.800000000000,67821380.072000000000,4647425,HATHWAY,HATHWAY CABLE & DATACOM,NSE
419,6.52935439216965767660,605563.400000000000,67155495.728000000000,107265,BEPL,BHANSALI ENG. POLYMERS LT,NSE
15308,4.98454693361317780290,4096448.700000000000,66418196.829000000000,3918849,SEPC,SEPC,NSE
543498,4.79875855393523734340,1222475.400000000000,65012841.662000000000,139135492,MSUMI,MOTHERSON SUMI WIRING INDIA LI,NSE
14537,4.87000617526163922420,7985224.100000000000,64915709.000000000000,3721473,DISHTV,DISH TV INDIA,NSE
10557,6.13576418107206246830,533306.700000000000,62678907.343000000000,2702593,NAVKARCORP,NAVKAR CORPORATION,NSE
542904,5.29335692927085415550,1693440.300000000000,62176611.140000000000,138983428,UJJIVANSFB,UJJIVAN SMALL FINANCE BANK LIM,BSE
15278,8.59117218395286261990,964849.100000000000,61644134.654000000000,3911169,ONMOBILE,ONMOBILE GLOBAL,NSE
513250,9.59632061683986541460,2636634.200000000000,59944329.449000000000,131392004,JYOTISTRUC,JYOTI STRUCTURES,BSE
24532,5.79803204062052690320,1261637.300000000000,58064831.463000000000,6280193,FILATEX,FILATEX INDIA,NSE
500317,7.43869338179770992010,827416.200000000000,58025499.980000000000,128081156,OSWALAGRO,OSWAL AGRO MILLS,BSE
967,5.55168619730874341770,3269923.600000000000,56205927.463000000000,247553,SUBEXLTD,SUBEX,NSE
513337,7.88894692036527078230,4345135.900000000000,52205355.561000000000,131414276,GUJTLRM,GUJARAT TOOLROOM,BSE
500185,4.79705963596805034910,1794892.100000000000,52109352.751000000000,128047364,HCC,HINDUSTAN CONSTRUCTION CO.LTD.,BSE
4394,9.79834428044297012790,1305429.300000000000,52081245.793000000000,1124865,MIRZAINT,MIRZA INTERNATIONAL LIMIT,NSE
8736,5.91234448018327623780,512063.500000000000,50389348.987000000000,2236417,PNBGILTS,PNB GILTS,NSE
543272,4.69562132842896952180,3844800.700000000000,48587948.844000000000,139077636,EASEMYTRIP,EASY TRIP PLANNERS,BSE
532947,5.15550195723408921260,960542.800000000000,46875263.868000000000,136434436,IRB,IRB INFRASTRUCTURE DEVELOPERS,BSE
9939,4.97335757929989803190,896929.100000000000,45790977.202000000000,2544385,ONEPOINT,ONE POINT ONE SOL,NSE
5394,4.69047148767437595630,578858.900000000000,44196314.860000000000,1380865,MOL,MEGHMANI ORGANICS,NSE
4911,5.56427693087016821580,514420.400000000000,43638522.550000000000,1257217,MADRASFERT,MADRAS FERTILISERS,NSE
11992,4.86031000119619311370,2407084.200000000000,43529890.353000000000,3069953,SYNCOMF,SYNCOM FORMU (I),NSE
2909,8.12888596637413513460,564996.000000000000,42139609.290000000000,744705,RICOAUTO,RICO AUTO INDUSTRIES,NSE
532960,7.41242777982021193040,566987.500000000000,40958255.362000000000,136437764,DHANI,DHANI SERVICES,BSE
14003,7.12233048308827084530,2719895.500000000000,40814167.982000000000,3584769,ZEEMEDIA,ZEE MEDIA CORPORATION,NSE
21362,4.37163578710331966020,3437999.500000000000,38930514.663000000000,5468673,SALASAR,SALASAR TECHNO ENGG.,NSE
10238,7.30405060673855936360,608238.000000000000,37973609.102000000000,2620929,CONFIPET,CONFIDENCE PETRO IND,NSE
500106,5.17856696687616407210,736311.700000000000,36608488.537000000000,128027140,IFCI,IFCI,BSE
2513,5.63303005103656268920,870451.100000000000,36371401.327000000000,643329,BCLIND,BCL INDUSTRIES,NSE
13290,6.32911093077715397530,603956.800000000000,36271904.973000000000,3402241,BLKASHYAP,B.L.KASHYAP & SON,NSE
20110,4.61585150886018827670,2519586.600000000000,35848289.143000000000,5148161,GREENPOWER,ORIENT GREEN POWER CO,NSE
11667,4.75603079511686583290,758322.800000000000,34420046.828000000000,2986753,DWARKESH,DWARIKESH SUGAR IND,NSE
9902,3.53767049880064186450,3165830.500000000000,34005641.113000000000,2534913,AXITA,AXITA COTTON,NSE
13457,5.59476843158561038540,866501.100000000000,33879649.077000000000,3444993,KAMDHENU,KAMDHENU,NSE
532670,5.94801561234711069240,1044959.000000000000,33807064.124000000000,136363524,RENUKA,SHREE RENUKA SUGARS,BSE
539841,5.50929218134231386370,1211980.600000000000,33380642.751000000000,138199300,LANCER,LANCER CONTAINER LINES,BSE
532525,3.70685183951284354240,685420.800000000000,33248597.370000000000,136326404,MAHABANK,BANK OF MAHARASHTRA,BSE
18110,7.60358466480180801920,779401.200000000000,32360865.240000000000,4636161,VASCONEQ,VASCON ENGINEERS,NSE
500032,6.19522814898532893660,1360858.200000000000,32008695.682000000000,128008196,BAJAJHIND,BAJAJ HINDUSTHAN SUGAR,BSE
500288,7.17256339918117738660,551767.500000000000,31903404.371000000000,128073732,MOREPENLAB,MOREPEN LABORATORIES,BSE
21001,4.41812486862597531390,698617.100000000000,31866688.517000000000,5376257,PSB,PUNJAB & SIND BANK,NSE
4843,5.60589850675423067550,563994.200000000000,31498278.718000000000,1239809,SNOWMAN,SNOWMAN LOGISTICS,NSE
539528,5.70241376967386542260,565639.000000000000,30791997.576000000000,138119172,AAYUSH,AAYUSH WELLNESS,BSE
531120,7.05134426428443082020,661929.800000000000,30319902.044000000000,135966724,PATELENG,PATEL ENGINEERING,BSE
534809,6.95195914793427432220,2081920.300000000000,29868587.849000000000,136911108,PCJEWELLER,PC JEWELLER,BSE
538970,8.51828389691686052620,928898.400000000000,29815338.796000000000,137976324,WARDINMOBI,WARDWIZARD INNOVATIONS AND MOB,BSE
16859,7.49003564191818439310,1614088.400000000000,29646048.945000000000,4315905,SINDHUTRAD,SINDHU TRADE LINKS,NSE
533122,5.87608017837931504320,2813605.800000000000,28486189.452000000000,136479236,RTNPOWER,RATTANINDIA POWER,BSE
6232,5.20861708359791684180,968714.100000000000,28337328.597000000000,1595393,3IINFOLTD,3I INFOTECH,NSE
22602,4.93665007810580829820,806886.800000000000,28336587.024000000000,5786113,PFS,PTC INDIA FIN SERV,NSE
2496,6.45997798843256639400,1006286.000000000000,27986509.362000000000,638977,ORIENTPPR,ORIENT PAPER AND INDS,NSE
532218,4.38292437673754803300,1078503.200000000000,26854011.680000000000,136247812,SOUTHBANK,SOUTH INDIAN BANK,BSE
17722,4.59684537188892367240,714639.400000000000,25378681.742000000000,4536833,DEN,DEN NETWORKS,NSE
10159,6.54906501782209125620,626683.400000000000,24841803.698000000000,2600705,ORICONENT,ORICON ENTERPRISES,NSE
532388,3.44830214969490649380,511509.600000000000,24492754.854000000000,136291332,IOB,INDIAN OVERSEAS BANK,BSE
530525,4.88630710297449971620,2387714.000000000000,24036482.636000000000,135814404,RRETAIL,RAJNISH RETAIL,BSE
539807,5.55282252477877693740,1155926.400000000000,23925983.664000000000,138190596,INFIBEAM,INFIBEAM AVENUES,BSE
542725,8.03279007714970431370,1056559.800000000000,20823815.561000000000,138937604,SBC,SBC EXPORTS,BSE
521064,4.13332751869919447280,698970.400000000000,19963223.232000000000,133392388,TRIDENT,TRIDENT,BSE
2256,7.51018249650788018450,579571.000000000000,19575476.618000000000,577537,PENINLAND,PENINSULA LAND,NSE
540614,7.62635826225982737920,15557519.400000000000,19374052.071000000000,138397188,GGENG,G G ENGINEERING,BSE
532775,4.59762476124031990500,10820725.700000000000,19130812.291000000000,136390404,GTLINFRA,GTL INFRASTRUCTURE,BSE
526415,5.34439017341503445160,1099758.900000000000,18975369.539000000000,134762244,OKPLA,OK PLAY INDIA,BSE
521005,10.27760871353116181450,1119530.300000000000,18872137.197000000000,133377284,TITANIN,TITAN INTECH,BSE
1448,6.76025708139184603600,1259074.800000000000,18441421.106000000000,370689,HLVLTD,HLV,NSE
9931,5.78468883223667765860,5140363.200000000000,17096417.054000000000,2542337,VIKASLIFE,VIKAS LIFECARE,NSE
532180,4.61837748244392403950,647785.900000000000,16387834.161000000000,136238084,DHANBANK,DHANLAXMI BANK,BSE
521070,4.77015688992254484620,929604.000000000000,15941928.010000000000,133393924,ALOKINDS,ALOK INDUSTRIES,BSE
537800,7.33816420020578024270,5197878.700000000000,14852302.273000000000,137676804,MANGIND,MANGALAM INDUSTRIAL FINANCE LT,BSE
14064,4.92721070219904435290,793560.000000000000,14596290.192000000000,3600385,ASMS,BARTRONICS INDIA,NSE
539309,4.57969376869259773540,1284579.200000000000,14217273.252000000000,138063108,RAMASTEEL,RAMA STEEL TUBES,BSE
25756,5.56381836289245992460,5036456.400000000000,13548854.240000000000,6593537,VIKASECO,VIKAS ECOTECH,NSE
531739,9.43317579902914665840,1014865.000000000000,13078820.718000000000,136125188,GENNEX,GENNEX LABORATORIES,BSE
533263,5.93175290126502328280,909833.600000000000,12511364.096000000000,136515332,GREENPOWER,ORIENT GREEN POWER COMPANY,BSE
21339,5.33454721848717892540,1303469.400000000000,11817076.042000000000,5462785,STEELXIND,STEEL EXCHANGE INDIA,NSE
532945,4.89724985329073118580,684683.800000000000,11193697.754000000000,136433924,SEPC,SEPC,BSE
539217,6.07810112424321393940,14663648.700000000000,9697490.528000000000,138039556,SRESTHA,SRESTHA FINVEST,BSE
542579,7.13540436377608518170,1156086.600000000000,9679049.424000000000,138900228,AGOL,ASHAPURI GOLD ORNAMENT,BSE
2168,7.67115756185795992520,1318345.200000000000,9314919.572000000000,555009,RAJMET,RAJNANDINI METAL,NSE
532348,5.55895764110516125170,516868.200000000000,8944610.390000000000,136281092,SUBEXLTD,SUBEX,BSE
18562,6.79821711181896089290,3886851.700000000000,8855637.857000000000,4751873,MITTAL,MITTAL LIFE STYLE,NSE
13702,5.16346886375210157070,709936.300000000000,8838813.317000000000,3507713,VISHWARAJ,VISHWARAJ SUGAR IND,NSE
21794,5.31011969188873529740,1644068.400000000000,8782676.380000000000,5579265,DAVANGERE,DAVANGERE SUGAR COMPANY L,NSE
11999,5.99616263295672454200,2865959.400000000000,7967248.846000000000,3071745,FCSSOFT,FCS SOFTWARE SOLN.,NSE
512379,4.81630888683257614850,1103864.700000000000,7424876.032000000000,131169028,CRESSAN,CRESSANDA SOLUTIONS,BSE
526490,4.27246901591192670470,1017244.900000000000,7420726.240000000000,134781444,PRATIK,PRATIK PANELS,BSE
540642,4.33166554778905421250,650254.700000000000,7323989.192000000000,138404356,SALASAR,SALASAR TECHNO ENGINEERING LIM,BSE
540190,6.38848708709801900620,2930032.200000000000,7238887.556000000000,138288644,FRANKLININD,FRANKLIN INDUSTRIES,BSE
9253,6.66058704511507277990,641481.200000000000,7227883.303000000000,2368769,NILAINFRA,NILA INFRASTRUCTURES,NSE
30323,6.14977390478165890040,2411991.600000000000,6995401.673000000000,7762689,ESSENTIA,INTEGRA ESSENTIA,NSE
507878,5.86133782065307187580,735568.200000000000,6350720.514000000000,130016772,UNITECH,UNITECH,BSE
539310,4.37095859330686330120,15066779.200000000000,6256896.642000000000,138063364,THINKINK,THINKINK PICTUREZ,BSE
532839,4.53461530849085414610,755752.100000000000,6136794.729000000000,136406788,DISHTV,DISH TV INDIA,BSE
511700,5.64892357387893828100,6903948.400000000000,5839739.620000000000,130995204,STANCAP,STANDARD CAPITAL MARKETS,BSE
542285,3.45340355861903204740,528391.300000000000,5678718.057000000000,138824964,AXITA,AXITA COTTON,BSE
542655,5.98008584873280729360,1697895.600000000000,5665037.534000000000,138919684,VIKASLIFE,VIKAS LIFECARE,BSE
512175,9.66866234373616866230,544670.800000000000,5620798.463000000000,131116804,VAMA,VAMA INDUSTRIES,BSE
517554,5.82000924230719385990,4887630.400000000000,5554704.319000000000,132493828,NHCFOODS,NHC FOODS,BSE
536659,9.25994724510826760410,714641.700000000000,5491746.211000000000,137384708,PVVINFRA,PVV INFRA,BSE
538607,8.90103596080248876380,2965120.800000000000,5368987.775000000000,137883396,TOYAMSL,TOYAM SPORTS,BSE
530961,5.80913207264659400600,1890764.600000000000,5122468.490000000000,135926020,VIKASECO,VIKAS ECOTECH,BSE
511116,6.27120339402948098590,9927618.500000000000,4907107.704000000000,130845700,QUADRANT,QUADRANT TELEVENTURES,BSE
17295,5.53236782056591827160,629614.800000000000,4887322.940000000000,4427521,NAGAFERT,NAGARJUN FERT AND CHE,NSE
5352,5.33291496634464777840,525727.200000000000,4740122.980000000000,1370113,EXXARO,EXXARO TILES,NSE
539574,5.69231104796339977920,5221320.100000000000,4635927.532000000000,138130948,SCL,SUNSHINE CAPITAL,BSE
543688,5.23686841980310695960,563212.100000000000,4340233.762000000000,139184132,SARVESHWAR,SARVESHWAR FOODS,NSE
511012,6.48030498836717719210,2166226.600000000000,4278005.579000000000,130819076,YAMNINV,YAMINI INVESTMENTS COMPANY,BSE
20852,5.67067689096841185030,551345.200000000000,4205953.888000000000,5338113,ZEELEARN,ZEE LEARN,NSE
524444,8.69191816760687913450,1302766.300000000000,3872986.314000000000,134257668,EVEXIA,EVEXIA LIFECARE,BSE
509051,6.05074095735340186980,2857034.200000000000,3836259.195000000000,130317060,INDINFO,INDIAN INFOTECH & SOFTWARE,BSE
531328,6.68596363429490855360,2549891.300000000000,3816622.556000000000,136019972,KRETTOSYS,KRETTO SYSCON,BSE
542046,5.68760381268508708610,505440.400000000000,3726632.587000000000,138763780,VIVIDM,VIVID MERCANTILE,BSE
24870,4.09086664906456690100,1961097.300000000000,3651954.149000000000,6366721,INVENTURE,INVENTURE GRO & SEC,NSE
539277,4.70381641552435548810,5274291.200000000000,3574574.204000000000,138054916,ALSTONE,ALSTONE TEXTILES (INDIA),BSE
531592,6.76357234325047428790,1489449.000000000000,3435099.858000000000,136087556,GENPHARMA,GENPHARMASEC,BSE
532022,5.14409431873280594080,5251432.800000000000,3434893.574000000000,136197636,FILATFASH,FILATEX FASHIONS,BSE
505343,5.58120299566691399810,3627753.900000000000,3125080.696000000000,129367812,MONOT,MONOTYPE INDIA,BSE
504351,5.06564973161529895660,1568110.400000000000,2937650.276000000000,129113860,EMPOWER,EMPOWER INDIA,BSE
511557,7.29726424448371786740,622151.300000000000,2890243.354000000000,130958596,PROFINC,PRO FIN CAPITAL SERVICES,BSE
532666,5.89746865493316992480,996361.000000000000,2804284.242000000000,136362500,FCSSOFT,FCS SOFTWARE SOLUTIONS,BSE
542753,4.85382972823447247590,871041.100000000000,2724831.520000000000,138944772,SEACOAST,SEACOAST SHIPPING SERVICES LIM,BSE
535958,5.63456781007015400000,915799.100000000000,2658484.888000000000,137205252,ESSENTIA,INTEGRA ESSENTIA,BSE
532481,5.44848908931213076260,570213.800000000000,2616892.395000000000,136315140,NOIDATOLL,NOIDA TOLL BRIDGE COMPANY,BSE
530557,5.24816042490992030890,3443456.400000000000,2513637.092000000000,135822596,NCLRESE,NCL RESEARCH & FINANCIAL SERVI,BSE
532271,9.96975747097320369780,742064.500000000000,2499486.001000000000,136261380,ORCHASP,ORCHASP,BSE
534060,6.36401762023688772070,853537.100000000000,2477252.137000000000,136719364,PMCFIN,PMC FINCORP,BSE
539773,5.76356570061212744980,1176418.200000000000,2472266.518000000000,138181892,ADVIKCA,ADVIK CAPITAL,BSE
532641,7.69075720071814761310,537487.700000000000,2366033.164000000000,136356100,NDL,NANDAN DENIM,BSE
532713,5.83357566728195024580,721219.600000000000,2263173.478000000000,136374532,SAKUMA,SAKUMA EXPORTS,BSE
538875,7.66733530078800481340,585663.400000000000,2153030.325000000000,137952004,SELLWIN,SELLWIN TRADERS,BSE
539470,6.44230499241478818740,1972202.100000000000,2100487.816000000000,138104324,SHREEGANES,SHREE GANESH BIOTECH (INDIA) L,BSE
541161,4.33396598524859957190,1442170.400000000000,1741116.523000000000,138537220,KBCGLOBAL,KBC GLOBAL,BSE
531893,5.48382670782934297000,2682335.500000000000,1712872.370000000000,136164612,SAWABUSI,SAWACA BUSINESS MACHINES,BSE
535730,6.78965965117176274520,2656816.100000000000,1618797.858000000000,137146884,KHOOBSURAT,KHOOBSURAT,BSE
539216,11.08103078745042304830,800566.600000000000,1590047.077000000000,138039300,GARMNTMNTR,GARMENT MANTRA LIFESTYLE LIMIT,BSE
533506,4.34706340084194724760,721830.700000000000,1340344.507000000000,136577540,INVENTURE,INVENTURE GROWTH & SECURITIES,BSE
532154,5.54380167398183117280,1313432.000000000000,1312157.236000000000,136231428,JOHNPHARMA,JOHNSON PHARMACARE,BSE
512499,3.10795981672785224380,2499383.200000000000,1290993.480000000000,131199748,SHALPRO,SHALIMAR PRODUCTIONS,BSE
533048,6.38685687247529553460,752754.400000000000,1250622.212000000000,136460292,TPHQ,TEAMO PRODUCTIONS HQ,BSE
539584,6.08138255585094411720,1347162.100000000000,1243988.922000000000,138133508,SIPTL,SHARANAM INFRAPROJECT AND TRAD,BSE
531153,5.20268713428679350400,559647.800000000000,1226631.592000000000,135975172,DILIGENT,DILIGENT INDUSTRIES,BSE
501314,8.43910983591270000340,1254104.400000000000,1087261.740000000000,128336388,PRISMX,PRISMX GLOBAL VENTURES,BSE
540377,4.97059687230945607720,1294329.800000000000,1082290.482000000000,138336516,IFL,IFL ENTERPRISES,BSE
531752,5.97239829234864666720,953572.200000000000,1044127.062000000000,136128516,BIOGEN,BIOGEN PHARMACHEM INDUSTRIES L,BSE
531025,4.55109070034443168780,1518081.800000000000,1027795.650000000000,135942404,VISAGAR,VISAGAR FINANCIAL SERVICES,BSE
505523,7.44205855257618400310,1349601.300000000000,975435.755000000000,129413892,MAHACORP,MAHARASHTRA CORPORATION,BSE
539519,8.57745342266464720780,728445.600000000000,923330.282000000000,138116868,MAYUKH,MAYUKH DEALTRADE,BSE
533090,5.44324005413755147290,1041232.700000000000,907259.800000000000,136471044,EXCEL,EXCEL REALTY N INFRA,BSE
523277,5.91660490437317723380,1376285.000000000000,873050.008000000000,133958916,GVFILM,GV FILMS,BSE
512097,5.98151477098845519910,2228838.600000000000,848791.019000000000,131096836,SAICOM,SAIANAND COMMERCIAL,BSE
533602,4.58141300783053709980,542487.900000000000,692883.364000000000,136602116,LESHAIND,LESHA INDUSTRIES,BSE
538975,5.11357526881720430120,2083785.100000000000,661500.478000000000,137977604,SHREESEC,SHREE SECURITIES,BSE
541303,4.87757766530145046770,928069.300000000000,650696.755000000000,138573572,AKSHAR,AKSHAR SPINTEX,BSE
539506,5.32540306445730131310,608889.800000000000,608631.837000000000,138113540,ADCON,ADCON CAPITAL SERVICES,BSE
538212,8.73863245116264894820,835286.700000000000,576433.032000000000,137782276,SHARPINV,SHARP INVESTMENTS,BSE
526622,5.47639290643021986320,703883.500000000000,462639.230000000000,134815236,MFLINDIA,MFL INDIA,BSE
538422,4.83628968109182218210,640260.500000000000,451510.673000000000,137836036,JACKSON,JACKSON INVESTMENTS,BSE
531723,5.51530973496516804080,577750.400000000000,407654.321000000000,136121092,GATECH,GACM TECHNOLOGIES,BSE
534741,5.95618898603022972690,577337.500000000000,368186.567000000000,136893700,VIRTUALG,VIRTUAL GLOBAL EDUCATION,BSE
